data;titulo;nota;cargo;recomenda;perspectiva;tempo;pros;contras;conselho;link
16/04/2021 00:00;Time engajado e empático, mas precisa de mais definições do que são os objetivos atuais e próximos para cada aérea e da;5;Funcionário atual - Assistente De Atendimento;Recomenda;Perspectiva positiva;Trabalho na GetNinjas em meio período há menos de um ano;"Os valores da empresa são enraizados e acontece o tempo todo principalmente dentro da equipe ""O Seu problema é meu problema""";Estamos numa fase de transição, que há espaço pra crescer e o foco é o resultado (outro valor da empresa), mas apesar das orientações e acompanhamentos da liderança, os pares ainda agem cegamente por números, esquecendo da qualidade.;Definir o que significa resultado conseguido de forma clara e objetiva.;https://www.glassdoor.com.br/Avalia%C3%A7%C3%B5es/Avalia%C3%A7%C3%A3o-funcion%C3%A1rio-GetNinjas-RVW45634974.htm
22/04/2021 00:00;Experiência Ruim;1;Funcionário atual - Funcionário confidencial;Não recomenda;Perspectiva neutra;Trabalha na GetNinjas em período integral há mais de um ano; Pessoas colaborativas.  Pouca cobrança.  Salario compatível com o do mercado.;" Carreiras meteóricas para apenas algumas pessoas da empresa.  Pouca diversidade, gostam apenas de pessoas de faculdades de primeira linha. Poucos negros, mulheres e pessoas da comunidade LGBTI+ em cargo de liderança.  Um dos valores é um milhão de historia, mais infelizmente o valor que mais condiz é foco no resultado, isso tanto com o clientes, como também com os colaboradores.  Gestores mais preocupados em metas, mostrar bom trabalho do que desenvolver pessoas. O valor seu ideias valem mais que cargos, não aconteceu enquanto estive na empresa, deveria ser ""Manda quem pode, obedece quem tem juizo"".  Liderança bem elitizada e fora da realidade.  Ambiente toxico.";Trazer diversidade de fato para a empresa, não apenas para área de atendimento. Valorizar suas pessoas, não apenas de cargos de engenharia e Diretoria. Uns ganhando mais que o mercado, e outros ficando parados na posição, sem ter pessoas que as ajudem a desenvolver. Crescer não está apenas em receita, mas estar do lado daquelas pessoas que te apoiaram a chegar até lá.;https://www.glassdoor.com.br/Avalia%C3%A7%C3%B5es/Avalia%C3%A7%C3%A3o-funcion%C3%A1rio-GetNinjas-RVW45914586.htm
16/03/2021 00:00;Uma das melhores empresas para se trabalhar no momento!;5;Funcionário atual - Analista de Relacionamento Júnior;Recomenda;Perspectiva positiva;Trabalho na GetNinjas em período integral há menos de um ano;A Empresa é muito bacana. Sempre estão em prol do funcionário e parece que realmente temos voz na organização. Os setores são bem divididos e as pessoas são fantásticas. É uma empresa que batemos no peito e defendemos com unhas e dentes, pois sabemos que ela faz o mesmo por nós.;Muita demanda, mas é normal em Startups que estão em crescimento como a GetNinjas. As áreas estão ainda em estruturação e isso pode parecer confuso em alguns momentos. Mas são contras que estão em desenvolvimento e no radar da gestão!;Continuem com o excelente trabalho e com a cultura fantástica de vocês. Somos gratos pela oportunidade de ser um verdadeiro ninja, pois realmente nos sentimos assim trabalhando com vocês!;https://www.glassdoor.com.br/Avalia%C3%A7%C3%B5es/Avalia%C3%A7%C3%A3o-funcion%C3%A1rio-GetNinjas-RVW44097567.htm
18/03/2021 00:00;Empresa idônea, moderna e avançada;5;Funcionário atual - Analista De Parcerias Pleno;Recomenda;Perspectiva positiva;Trabalha na GetNinjas em período integral;Empresa que olha para o colaborador e o trata como o bem mais precioso do seu patrimônio. Uma empresa super tecnológica porém com um olhar extremamente humano. Trabalham fortemente em cima da questão de diversidade e inclusão e oferecem inúmeros benefícios diferenciados aos colaboradores. Os times trabalham juntos, com total sinergia, clima colaborativo e de crescimento e aprendizado mútuo. Muito feliz por pertencer a uma empresa tão grande e que olha para o todo. Eu amo ser ninja!;Não tenho nada contra a empresa, muito pelo contrário, que o GetNinjas continue crescendo e prosperando cada vez mais!;NA;https://www.glassdoor.com.br/Avalia%C3%A7%C3%B5es/Avalia%C3%A7%C3%A3o-funcion%C3%A1rio-GetNinjas-RVW44221104.htm
16/03/2021 00:00;A melhor empresa para se trabalhar!;5;Funcionário atual - Analista de Relacionamento Júnior;Recomenda;Perspectiva positiva;Trabalho na GetNinjas em período integral há menos de um ano;Bom, falar desta empresa é fantástico, tenho pouco tempo de casa e me sinto extremamente acolhida, mimada, valorizada e feliz. A empresa nos da todo o suporte necessario para desempenhar um excelente trabalho, cuida da sua saúde mental, valoriza seu trabalho, ajuda no que for possível para que você se torne um Ninja de verdade, crescer e se desenvolver, estou amando fazer parte do Time! Uma palavra me define neste momento, GRATIDÃO;Não há o que falar, não tenho pontos negativos;Estão no caminho certo, lugar de gente feliz!;https://www.glassdoor.com.br/Avalia%C3%A7%C3%B5es/Avalia%C3%A7%C3%A3o-funcion%C3%A1rio-GetNinjas-RVW44099302.htm
11/04/2021 00:00;Pode melhorar;3;Funcionário atual - Customer Success;Recomenda;Perspectiva neutra;Trabalho na GetNinjas em período integral há menos de um ano; Suporte legal para o homeoffice  Engajada no bemestar do colaborador  Salário compatível com o mercado  Diversidade no quadro de colaboradores; Treinamento ruim para os novatos  Demanda altíssima, time defasado para suprir  Pouco controle da eficiência do quadro atual de colaboradores, principalmente no CS e Backoffice  Estratégia de atendimento não é alinhada entre Chat e Email e um prejudica o outro  Procedimentos ainda são confusos; O time de liderança é engajado, mas carece de mais visão na resolução de problemas;https://www.glassdoor.com.br/Avalia%C3%A7%C3%B5es/Avalia%C3%A7%C3%A3o-funcion%C3%A1rio-GetNinjas-RVW45334272.htm
17/03/2021 00:00;Sou apaixonado pela GetNinjas;5;Funcionário atual - Analista De Suporte;Recomenda;Perspectiva positiva;Trabalha na GetNinjas em período integral há mais de um ano;Sem dúvida o melhor ambiente de trabalho que já tive. Time de P&C preocupados mesmo com os funcionários! Trabalham pessoas incríveis aqui! Muito satisfeito com meus gestores, aliás, na verdade, são nota 10. Empresa que prega diversidade e inclusão.;"Acredito que até tiveram pequenos erros pontuais, mas sempre na tentativa de acertar, e por se tratar de profissionais que se arriscam e procuram o melhor, é normal acontecer, então considero que não exista ""Contras""!";NA;https://www.glassdoor.com.br/Avalia%C3%A7%C3%B5es/Avalia%C3%A7%C3%A3o-funcion%C3%A1rio-GetNinjas-RVW44146644.htm
25/04/2021 00:00;Product Manager;4;Ex-funcionário - Product Manager;NA;NA;Trabalhou na GetNinjas em período integral;Muitas responsabilidades dado a sua experiência se mostrar competente;Liderança confusa e falta de visão estratégica;NA;https://www.glassdoor.com.br/Avalia%C3%A7%C3%B5es/Avalia%C3%A7%C3%A3o-funcion%C3%A1rio-GetNinjas-RVW46035597.htm
18/03/2021 00:00;Exemplo de Empresa :D;5;Funcionário atual - Analista De Relacionamento;Recomenda;Perspectiva positiva;Trabalho na GetNinjas em período integral há menos de um ano;Humanização e valorização com e dos colaboradores, plano de carreira, gestões qualificadas, desenvolvimento diário, reconhecimentos, amizades reais, diversidade, profissionalismo, mimos, transparência.;No momento, a empresa está crescendo e as demandas aumentam muito, porém isso é bom também, pois o reconhecimento também aumenta.;Jamais perder essa essência humana com as pessoas internamente e externamente. Isso faz total diferença.;https://www.glassdoor.com.br/Avalia%C3%A7%C3%B5es/Avalia%C3%A7%C3%A3o-funcion%C3%A1rio-GetNinjas-RVW44193230.htm
17/03/2021 00:00;Excelente lugar para se trabalhar;5;Funcionário atual - Engenheiro De Dados Sênior;Recomenda;Perspectiva positiva;Trabalha na GetNinjas em período integral há mais de um ano;Salário compatível com o mercado, Benefícios compatível com o mercado. Ambiente super saudável. RH super ativo, sempre com uma novidade e procurando ajudar os profissional.;Sempre tem algo mais que até o momento não me impactou.;No momento só um estudo sobre um PLR, pode motivar mais ainda!;https://www.glassdoor.com.br/Avalia%C3%A7%C3%B5es/Avalia%C3%A7%C3%A3o-funcion%C3%A1rio-GetNinjas-RVW44138648.htm
22/03/2021 00:00;Incrível!;5;Funcionário atual - Analista de Relacionamento Júnior;Recomenda;Perspectiva positiva;Trabalha na GetNinjas em período integral há mais de um ano;Apesar de ser uma empresa pertencente ao setor de tecnologia, o GetNinjas é uma empresa totalmente humanizada! Além disso, os valores da Startup são colocados em prática diariamente.;Gostaria de receber feedbacks com mais frequência.;NA;https://www.glassdoor.com.br/Avalia%C3%A7%C3%B5es/Avalia%C3%A7%C3%A3o-funcion%C3%A1rio-GetNinjas-RVW44362295.htm
17/03/2021 00:00;Positiva;5;Funcionário atual - Agente De Atendimento;Recomenda;Perspectiva positiva;Trabalha na GetNinjas em meio período há mais de 5 anos;Nunca me sentir tão acolhido, Empresa realmente que se preocupa muito com cada integrante do time, independente de cargos, E muito Flexível! ❤️;Não conseguir ver os contras ainda rs;Obrigado pela oportunidade!;https://www.glassdoor.com.br/Avalia%C3%A7%C3%B5es/Avalia%C3%A7%C3%A3o-funcion%C3%A1rio-GetNinjas-RVW44126859.htm
17/03/2021 00:00;Se voce quer aprender esse é o local;5;Funcionário atual - Desenvolvedor Pleno;Recomenda;Perspectiva positiva;Trabalha na GetNinjas em período integral há mais de um ano;Cultura forte Muito Aprendizado Impacto Social Possibilidade de crescer na carreira;É positivo no fim, mas definitivamente é um local que puxa uma dedicação muito grande;NA;https://www.glassdoor.com.br/Avalia%C3%A7%C3%B5es/Avalia%C3%A7%C3%A3o-funcion%C3%A1rio-GetNinjas-RVW44129136.htm
15/04/2021 00:00;Empresa muito bagunçada;1;Ex-funcionário - Gerente;Não recomenda;Perspectiva negativa;Trabalhou na GetNinjas em período integral por mais de 3 anos;Perto do metrô e de outros meios de transporte;CEO muito centralizador, só gostava dos funcionários mais próximos, além de não remunerar salário de forma compatível com mercado.;Deixar de ser centralizador, e parar de enganar bons funcionários.;https://www.glassdoor.com.br/Avalia%C3%A7%C3%B5es/Avalia%C3%A7%C3%A3o-funcion%C3%A1rio-GetNinjas-RVW45585182.htm
09/03/2021 00:00;Excelente empresa;5;Ex-funcionário - Analista De Recursos Humanos (RH) Pleno;Recomenda;Perspectiva positiva;Trabalhou na GetNinjas em período integral por mais de 3 anos;Empresa jovem com cultura de startup.;Falta de alinhamento de estratégia.;NA;https://www.glassdoor.com.br/Avalia%C3%A7%C3%B5es/Avalia%C3%A7%C3%A3o-funcion%C3%A1rio-GetNinjas-RVW43718473.htm
03/03/2021 00:00;Otimo para aprendizado;5;Ex-funcionário - Product Manager;Recomenda;Perspectiva positiva;Trabalhou na GetNinjas em período integral;Liberdade para aprender e testar novas ideias;Dificuldade para implementar alguma ideias por ser um time super enxuto;NA;https://www.glassdoor.com.br/Avalia%C3%A7%C3%B5es/Avalia%C3%A7%C3%A3o-funcion%C3%A1rio-GetNinjas-RVW43396068.htm
03/03/2021 00:00;Òtima empresa;5;Funcionário atual - Front End Engineer;Recomenda;Perspectiva positiva;Trabalha na GetNinjas em período integral há mais de um ano;Equipe, gestor, pessoas,beneficios e ajuda;Nao tenho nenhum contra para a empresa;nenhum;https://www.glassdoor.com.br/Avalia%C3%A7%C3%B5es/Avalia%C3%A7%C3%A3o-funcion%C3%A1rio-GetNinjas-RVW43420467.htm
04/03/2021 00:00;Avaliação sobre a empresa getninjas;3;Funcionário atual - Web Designer;Recomenda;Perspectiva positiva;Trabalha na GetNinjas em período integral;Muito bom o essa empresa a forma de trabalhar e a forma a facilidade da comunicação com o cliente e o desenvolvedor;O ruim e poder ajuntar créditos para efetuar os pedidos;Alcançar os objetivos;https://www.glassdoor.com.br/Avalia%C3%A7%C3%B5es/Avalia%C3%A7%C3%A3o-funcion%C3%A1rio-GetNinjas-RVW43493406.htm
11/01/2021 00:00;Um bom lugar para se trabalhar;4;Funcionário atual - Product Designer Pleno;Recomenda;Perspectiva neutra;Trabalho na GetNinjas em período integral há menos de um ano;Existe flexibilidade tanto de trabalho, quanto de horário. Você terá a chance de dar suas opiniões e de propor formas de fazer as coisas. O ritmo de trabalho é rápido, porém ainda saudável, pelo menos para cargos de nível similar ao meu.;Estrutura organizacional e técnica confusa. Muitos legados técnicos, e muita coisa a ser refeita, para que o serviço tome uma boa direção.;NA;https://www.glassdoor.com.br/Avalia%C3%A7%C3%B5es/Avalia%C3%A7%C3%A3o-funcion%C3%A1rio-GetNinjas-RVW40482060.htm
25/10/2020 00:00;Zelo pelos funcionários e um ótimo lugar para desenvolvimento profissional;4;Funcionário atual - Desenvolvedor Frontend;Recomenda;Perspectiva positiva;Trabalha na GetNinjas em período integral há mais de um ano;A empresa é bem solícita e disposta a ajudar os funcionários a se sentirem o mais confortáveis possível. A empresa conta com uma equipe que tem como objetivo fornecer um ambiente de trabalho mais humanizado, confortável, com presentes constantes e dispondo aos funcionários serviços para auxiliálos a manter um equilíbrio de corpo e mente. Equipe de tecnologia hoje vive um momento bem legal, com pessoas pragmáticas com bastante foco em solução de problemas. É e sempre foi um setor muito forte da empresa.;Falta clareza com relação a questão das possibilidades de carreira e de promoção, que hoje é muito subjetivo, gerando dǘvidas se realmente estamos ou não sendo avaliados. Pouca ousadia para inovar na questão tecnológica, progressos a passos lentos que desmotivam os funcionários com o passar do tempo.;NA;https://www.glassdoor.com.br/Avalia%C3%A7%C3%B5es/Avalia%C3%A7%C3%A3o-funcion%C3%A1rio-GetNinjas-RVW37602749.htm
10/11/2020 00:00;Muito bom;5;Funcionário atual - Designer;Recomenda;Perspectiva positiva;Trabalha na GetNinjas em período integral há mais de um ano; Ambiente muito bom, todos tem voz e espaço para sugestões, ideias e desenvolvimento próprio.  As coisas acontecem de forma rápida, embora pudesse ser melhorado.  Os processos estão cada vez mais maduros, é uma empresa que está à frente do mercado com relação a processos e ferramentas.; Pouco reconhecimento salarial  Falta diversidade, principalmente em cargos de liderança;NA;https://www.glassdoor.com.br/Avalia%C3%A7%C3%B5es/Avalia%C3%A7%C3%A3o-funcion%C3%A1rio-GetNinjas-RVW38207213.htm
14/10/2020 00:00;Uma empresa preocupada com seus Ninjas;5;Funcionário atual - Desenvolvedor;Recomenda;Perspectiva positiva;Trabalha na GetNinjas em período integral há mais de um ano; Empresa cresce ano a ano, muito terreno para implantar conhecimentos, equipe tecnica excelente. Forte cultura de colaboração.; Falta de mapeamento de processos. Empresa depende muito do conhecimento de pessoas que já saíram. Falta de clareza de direção do nosso produto e em consequencia entrega.;Precisamos de um norte para que as pessoas que hoje fazem parte da empresa não desistam do trabalham que fazem e podem fazer ainda mais aqui. Precisamos de métricas claras, para conseguirmos entregar o que é preciso.;https://www.glassdoor.com.br/Avalia%C3%A7%C3%B5es/Avalia%C3%A7%C3%A3o-funcion%C3%A1rio-GetNinjas-RVW37125886.htm
29/01/2021 00:00;Um exemplo para o Brasil;4;Funcionário atual - Especialista Em TI;Recomenda;Perspectiva positiva;Trabalho na GetNinjas em período integral há menos de um ano;Empresa corretíssima e humana ótimos sistemas para a gente trabalhar;Ter uma política para reter os Profissionais;Ter uma política para reter os Profissionais e mantenha o full homeoffice!;https://www.glassdoor.com.br/Avalia%C3%A7%C3%B5es/Avalia%C3%A7%C3%A3o-funcion%C3%A1rio-GetNinjas-RVW41618175.htm
16/10/2020 00:00;Melhor ambiente para crescimento profissional;5;Ex-funcionário - Product Manager;Recomenda;Perspectiva positiva;Trabalhou na GetNinjas em período integral por mais de 5 anos;Mercado bem interessante, com grande impacto social. Ambiente bastante colaborativo e respeitoso, com autonomia para propor e executar novos projetos e muitas oportunidades de crescimento. Pessoas com alta qualidade técnica tornam a empresa um lugar excelente para aprender!;Empresa em rápido crescimento, falta estruturar melhor alguns processos;Continue valorizando as pessoas e abrindo oportunidades de crescimento profissional;https://www.glassdoor.com.br/Avalia%C3%A7%C3%B5es/Avalia%C3%A7%C3%A3o-funcion%C3%A1rio-GetNinjas-RVW37236766.htm
04/12/2020 00:00;Excelente;5;Funcionário atual - Senior Mobile Developer;Recomenda;Perspectiva positiva;Trabalha na GetNinjas em período integral há mais de um ano;Sabem ouvir os colaboradores e aprendem a crescer juntos;Seria interessante fortalecer algumas stacks importantes na empresa;NA;https://www.glassdoor.com.br/Avalia%C3%A7%C3%B5es/Avalia%C3%A7%C3%A3o-funcion%C3%A1rio-GetNinjas-RVW39077064.htm
29/09/2020 00:00;Excelente Empresa;5;Ex-funcionário - Assistente De Marketing;Recomenda;Perspectiva positiva;Trabalhou na GetNinjas em período integral por mais de um ano;Espaço respeitoso, deixa os funcionários livres e costumam confiar bastante no potencial de cada um.;Processos seletivos muito estreitos e pouco amplos.;NA;https://www.glassdoor.com.br/Avalia%C3%A7%C3%B5es/Avalia%C3%A7%C3%A3o-funcion%C3%A1rio-GetNinjas-RVW36520496.htm
20/10/2020 00:00;GetNinjas Experiência;3;Funcionário atual - Customer Success Analyst;Recomenda;Perspectiva positiva;Trabalho na GetNinjas em meio período há menos de um ano;Time de CS muito engajado. Time de Pessoas e Cultura sempre pensando no bem estar das pessoas, benefícios;Salário nada compatível com o mercado. Salário de um analista é igual a de um estagiário. Metas agressivas. Muitas informações para aprender em pouco tempo.;melhorar muito o aplicativo pensando mais no profissional.;https://www.glassdoor.com.br/Avalia%C3%A7%C3%B5es/Avalia%C3%A7%C3%A3o-funcion%C3%A1rio-GetNinjas-RVW37389559.htm
12/02/2020 00:00;Lugar fantástico para começar a carreria!;5;Funcionário atual - Analista De Negócios;Recomenda;Perspectiva positiva;Trabalha na GetNinjas em período integral há mais de um ano;A empresa é um lugar fantástico para trabalhar, com ambiente muito amigável e casual, flexibilidade de horários e diversidade. Além disso, sinto que no GetNinjas o aprendizado é valorizado: tive apoio de meu líder sempre que quis aprender algo. Há bastante permeabilidade entre áreas, o que agiliza muito a resolução de problemas. Muito pouca burocracia no diaadia.;Sinto que algumas vezes a alta liderança não tem uma estratégia a longo prazo para as áreas, ou até para a empresa. Para alguns cargos e áreas faltam pessoas senior que possam de fato desenvolver os outros, causando alguma estagnação técnica em certas áreas. Remuneração e befícios estão um pouco a baixo do mecardo com que a empresa compete por talento.;Tentar comunicar uma visão estratégica, e buscar líderes e colaboradores com experiência que possam de fato elevar o patamar dos times. Encontrar uma solução para o problema de alto turnover;https://www.glassdoor.com.br/Avalia%C3%A7%C3%B5es/Avalia%C3%A7%C3%A3o-funcion%C3%A1rio-GetNinjas-RVW31822814.htm
12/06/2020 00:00;Estão sendo os anos de maior evolução da minha vida;5;Funcionário atual - Desenvolvedor Sênior;Recomenda;Perspectiva positiva;Trabalha na GetNinjas em período integral há mais de 3 anos;Gosto de trabalhar no GetNinjas porque aqui me sinto muito bem, é uma escola e é como se fosse minha segunda casa, tenho orgulho! Todos estão abertas a ouvir minha opinião e compartilhar conhecimento. Me sinto cuidado pelo time de RH, eles sempre buscando trazer mais benefícios para os colaboradores.;A empresa etá crescendo e se faz necessário melhorar alguns processos dentro de Tech.;NA;https://www.glassdoor.com.br/Avalia%C3%A7%C3%B5es/Avalia%C3%A7%C3%A3o-funcion%C3%A1rio-GetNinjas-RVW33673225.htm
11/05/2020 00:00;Positiva;5;Funcionário atual - Analista De Customer Service;Recomenda;Perspectiva positiva;Trabalha na GetNinjas em período integral;"A empresa tem uma grande preocupação com seus colaboradores. Sempre preocupados em saber a opinião de cada um. E um dos valores o que me encantou foi ""seu problema é meu problema .";Não encontrei nenhum ponto negativo .;Que continue com essa visão de criar um clima bom e acreditando em dura colaboradores.;https://www.glassdoor.com.br/Avalia%C3%A7%C3%B5es/Avalia%C3%A7%C3%A3o-funcion%C3%A1rio-GetNinjas-RVW33128140.htm
17/04/2020 00:00;Boa para iniciar carreira mas salários abaixo da média;2;Ex-funcionário - Desenvolvedor Front End;Recomenda;Perspectiva negativa;Trabalhou na GetNinjas em período integral;Comida no escritório, liberdade de horário, benefícios (vr, plano de saúde, gympass), localização.;Time de tecnologia não participa ativamente de tomadas de decisão, mais como execução. Salários abaixo da média Diretoria com pensamento engessado, difícil de dialogar e implementar novas estratégias.;O business da empresa é digital e por isso os times de tech, que hoje são o core da empresa, deveriam ser melhor valorizados.Valorizar os funcionários de uma forma geral, na realidade, e não por fachada de empresa com poltronas confortáveis e comida livre, mas sim pelo valor que cada um tem a oferecer à empresa. Se não quer time de tecnologia deveria repensar o modelo de negócio!;https://www.glassdoor.com.br/Avalia%C3%A7%C3%B5es/Avalia%C3%A7%C3%A3o-funcion%C3%A1rio-GetNinjas-RVW32771224.htm
03/03/2020 00:00;Bom lugar para trabalhar;5;Ex-funcionário - Desenvolvedor Júnior;Recomenda;Perspectiva negativa;Trabalhou na GetNinjas em período integral por mais de um ano;#NAME?;Infelizmente tem alguns problemas em relação como as demandas de produto e da direção são passadas para tecnologia, algumas vezes as demandas vem com prazo curto, e muitas vezes não tem tempo para focar em débito técnico.;NA;https://www.glassdoor.com.br/Avalia%C3%A7%C3%B5es/Avalia%C3%A7%C3%A3o-funcion%C3%A1rio-GetNinjas-RVW32186181.htm
15/02/2020 00:00;Rumo ao IPO!;5;Funcionário atual - Funcionário confidencial;Recomenda;Perspectiva positiva;Trabalha na GetNinjas em período integral há mais de 5 anos;Ambiente, missão, pesperctiva de crescimento do negócios;Barulho no escritório me incomodava mas a empresa reformulou todo o escritório e esta bem melhor. O azar é que logo depois começou uma obra no terreno do lado, mas perguntamos e logo o barulho vai parar;Continue com o foco de transformar o negócio em 10x maior ;https://www.glassdoor.com.br/Avalia%C3%A7%C3%B5es/Avalia%C3%A7%C3%A3o-funcion%C3%A1rio-GetNinjas-RVW31882368.htm
15/02/2020 00:00;Evolução Profissional;5;Funcionário atual - Funcionário confidencial;Recomenda;Perspectiva positiva;Trabalho na GetNinjas em período integral há menos de um ano;Empresa em crescimento acelerado, propiciando ótimas perspectivas de evolução profissional para a equipe.;Alguns processos ainda estão em processo de consolidação.;Continuem investindo na construção de uma equipe que veste a camisa da empresa.;https://www.glassdoor.com.br/Avalia%C3%A7%C3%B5es/Avalia%C3%A7%C3%A3o-funcion%C3%A1rio-GetNinjas-RVW31884065.htm
05/11/2019 00:00;Ótimo ambiente de trabalho!;5;Funcionário atual - Analista de Comunicação SR;Recomenda;Perspectiva positiva;Trabalho na GetNinjas em período integral há menos de um ano;Ambiente leve de trabalhar. Todas as pessoas são amigáveis e entendem que o trabalho em grupo é o segredo do progresso.;"Alto nível de rotatividade. Muita gente boa e jovem entra e não fica muito tempo por querer conhecer o mercado lá fora e por não ter medo de arriscar. Isso gera um pouco de inconsistência nos projetos que gostaríamos de criar e manter ""funcionando' internamente.";NA;https://www.glassdoor.com.br/Avalia%C3%A7%C3%B5es/Avalia%C3%A7%C3%A3o-funcion%C3%A1rio-GetNinjas-RVW30211756.htm
26/02/2020 00:00;Ótimo lugar para aprender;4;Ex-funcionário - Desenvolvedor De Software Sênior;Não recomenda;Perspectiva neutra;Trabalhou na GetNinjas em período integral por mais de 3 anos;maioria do código muito bom, poucos legados, ambiente descontraído, liberdade para questionar e pouca ou nenhuma pressão;pressão quase Zero, muitas pessoas desmotivadas e entregas lentas. Muito medo de tomar risco, de querer inovar, não mais uma startup, só um empresa de páginas amarelas;crescimento baixo e continuo é bom, é fácil, mas não da a menor vontade de se empenhar;https://www.glassdoor.com.br/Avalia%C3%A7%C3%B5es/Avalia%C3%A7%C3%A3o-funcion%C3%A1rio-GetNinjas-RVW32082424.htm
23/04/2020 00:00;Uma empresa boa para começar;4;Ex-funcionário - Desenvolvedor Front End;Recomenda;Perspectiva neutra;Trabalhei na GetNinjas em período integral por menos de um ano;Tecnologia levada a sério, dando margem a aprendizados;Subestima muito os desenvolvedores, colocando o nível abaixo do que é no mercado;NA;https://www.glassdoor.com.br/Avalia%C3%A7%C3%B5es/Avalia%C3%A7%C3%A3o-funcion%C3%A1rio-GetNinjas-RVW32858425.htm
03/09/2019 00:00;Sem dúvidas o melhor lugar em que trabalhei.;5;Funcionário atual - Employer Branding Analyst;Recomenda;Perspectiva positiva;Trabalha na GetNinjas em período integral há mais de 3 anos;O GetNinjas tem flexibilidade de horário, não tem dress code, tem comida no escritório todos os dias, tem diversos benefícios e melhor que tudo isso, é um ambiente agradável e confortável para qualquer pessoa. A diversidade é bem presente e os funcionários são muito unidos, respeitados. É muito legal, sem contar o impacto social que a empresa tem.;É uma empresa pequena, lá você aprende a fazer de tudo. Pois é preciso, mas acredito que isso seja mais uma vantagem do que desvantagem!;Continue assim!;https://www.glassdoor.com.br/Avalia%C3%A7%C3%B5es/Avalia%C3%A7%C3%A3o-funcion%C3%A1rio-GetNinjas-RVW29009529.htm
20/09/2019 00:00;Melhor empresa para se trabalhar!;5;Funcionário atual - Funcionário confidencial;Recomenda;Perspectiva positiva;Trabalha na GetNinjas em período integral há mais de 3 anos; Flexibilidade de horário  Oportunidade de crescimento  Boa localização  Comidas (Frutas cortadinhas) free.  Ideias valem mais que cargos; Alguns colaboradores, não dão valor nas coisas boas que a empresa oferece.;NA;https://www.glassdoor.com.br/Avalia%C3%A7%C3%B5es/Avalia%C3%A7%C3%A3o-funcion%C3%A1rio-GetNinjas-RVW29351643.htm
31/01/2020 00:00;No caminho certo;3;Funcionário atual - Analista Júnior;Recomenda;Perspectiva positiva;Trabalha na GetNinjas em período integral há mais de 3 anos;Comidinhas no office, plano de saúde, gympass, clima descontraído.;Área pequena, pouco desenvolvimento e líderes que não são líderes;Nenhum.;https://www.glassdoor.com.br/Avalia%C3%A7%C3%B5es/Avalia%C3%A7%C3%A3o-funcion%C3%A1rio-GetNinjas-RVW31614125.htm
14/10/2019 00:00;É um bom lugar para se aprender;3;Funcionário atual - Desenvolvedor Front-end Sênior;Recomenda;Perspectiva positiva;Trabalha na GetNinjas em período integral há mais de 3 anos; Aprendizado muito bom e chances de aprender sobre outras áreas, como produto e BI.  O Ambiente é muito bom e as pessoas da empresa são super receptivas a conversar, tirar dúvidas etc.; Sem muita perspectiva de crescimento depois que você alcança um certo nível.  As decisões top/down na maioria das vezes não leva em consideração ops colaboradores.;Começar a olhar com mais carinho para as pessoas dentro da empresa.;https://www.glassdoor.com.br/Avalia%C3%A7%C3%B5es/Avalia%C3%A7%C3%A3o-funcion%C3%A1rio-GetNinjas-RVW29790570.htm
27/07/2019 00:00;Ambiente de trabalho saudável e um ótimo lugar para aprender;5;Funcionário atual - Desenvolvedor Mobile Sênior;Recomenda;Perspectiva positiva;Trabalha na GetNinjas em período integral há mais de 3 anos;As pessoas da empresa são sensacionais, sempre dispostas a ajudar. O lugar é ótimo para aprender, tem flexibilidade de horário e praticamente não existe hierarquia de idéias.;Os objetivos tecnológicos da empresa ainda são incertos.;NA;https://www.glassdoor.com.br/Avalia%C3%A7%C3%B5es/Avalia%C3%A7%C3%A3o-funcion%C3%A1rio-GetNinjas-RVW28278958.htm
02/05/2019 00:00;Um excelente lugar pra trabalhar;5;Supervisor/Coordenador;Recomenda;NA;Trabalho na GetNinjas;"Muito potencial de crescimento, time incrível com pessoas muito boas no que fazem, bastante autonomia para contribuir com ideias, desapego a cargos (um dos valores é ""ideias valem mais que cargos""). O impacto social do negócio também é incrível!";Nada muito relevante, acho que são os pontos comuns para startup: falta estruturar melhor processos, melhorar a forma de reconhecer contribuições, ter um plano de evolução na carreira mais claro;NA;https://www.glassdoor.com.br/Avalia%C3%A7%C3%B5es/Avalia%C3%A7%C3%A3o-funcion%C3%A1rio-GetNinjas-RVW27390540.htm
26/03/2019 00:00;Ótimo ambiente para trabalhar, aprender e se desenvolver;5;Data Scientist;Recomenda;NA;Trabalho na GetNinjas;Bastante autonomia para o time participar do processo de desenvolvimento do produto e das tomadas de decisão, horário flexível, sem dress code, ambiente extremamente amigável, bastante integração entre os funcionários dentro e fora do local de trabalho;Benefícios poderiam ser mais condizentes com o resto do mercado e a comunicação interna tem espaço para melhorias. Algumas tarefas realizadas pelos times não tem a visibilidade necessária e isso pode levar a desinformação em alguns contextos;NA;https://www.glassdoor.com.br/Avalia%C3%A7%C3%B5es/Avalia%C3%A7%C3%A3o-funcion%C3%A1rio-GetNinjas-RVW27343210.htm
18/10/2019 00:00;Lugar excelente para aprendizado;4;Funcionário atual - Analista;Recomenda;Perspectiva positiva;Trabalha na GetNinjas em período integral há mais de um ano;Horizontalidade, liberdade para discussões e sugerir ideias. É um ótimo ambiente para aprender e ter contato com ótimos profissionais;Desorganização, mudanças de prioridade e indefinição nos processos.;Valorizar outras áreas além dos profissionais formados em engenharia;https://www.glassdoor.com.br/Avalia%C3%A7%C3%B5es/Avalia%C3%A7%C3%A3o-funcion%C3%A1rio-GetNinjas-RVW29886114.htm
17/07/2019 00:00;Amo ser um Ninja;5;Funcionário atual - Analista De Backoffice Júnior;Recomenda;Perspectiva positiva;Trabalha na GetNinjas em período integral há mais de um ano;Liberdade de ser quem é, trabalho em equipe, suas idéias são bem vindas;Carga Horária extensa, Salário não tão atrativo;NA;https://www.glassdoor.com.br/Avalia%C3%A7%C3%B5es/Avalia%C3%A7%C3%A3o-funcion%C3%A1rio-GetNinjas-RVW28074933.htm
26/09/2018 00:00;Ambiente amigável, inovador e desafiador;5;Analista;Recomenda;NA;Trabalho na GetNinjas;Empresa com alto impacto social. Você acorda todas as manhãs sabendo pra quem trabalhar, quem são as pessoas/profissionais que usam a plataforma para conseguir clientes e como isso impacta na vida deles. É muito prazeroso saber que trabalhamos para ajudar pessoas no Brasil inteiro. Além disso, a empresa tem uma ótima localização, uma série de benefícios, um espaço agradável e descontraído e um ambiente onde o aprendizado é diário. A troca de informações entre as equipes é constante e isso colabora para que a gente acabe conhecendo mais de outras áreas, o que promove um desenvolvimento profissional altíssimo.;Equipes poderiam se integrar mais, algo que depende mais dos funcionários do que da empresa, e ver além do lado tecnológico, que também é importante.;Continue voando, porque a oportunidade do GetNinjas é muito grande e pode beneficiar não só os funcionários da empresa, como também pessoas por todo o Brasil.;https://www.glassdoor.com.br/Avalia%C3%A7%C3%B5es/Avalia%C3%A7%C3%A3o-funcion%C3%A1rio-GetNinjas-RVW27069992.htm
05/04/2019 00:00;excelente ambiente de trabalho;5;;Recomenda;NA;Trabalho na GetNinjas;A cultura é muito boa, dão oportunidades para crescer e isso é excelente, o ambiente de trabalho é otimo com uma otima energia, sempre acordo querendo vir trabalhar;a empresa perde muitos talentos, o que faz perguntar o por que disso, talvez remuneração ou reconhecimento, tlvez se melhorassem isso seria um diferencial;NA;https://www.glassdoor.com.br/Avalia%C3%A7%C3%B5es/Avalia%C3%A7%C3%A3o-funcion%C3%A1rio-GetNinjas-RVW27350100.htm
21/03/2019 00:00;Melhor empresa que já trabalhei;5;Desenvolvedor;Recomenda;NA;Trabalho na GetNinjas;Autonomia é bem grande e o impacto social que empresa gera me deixa muito orgulhoso do meu trabalho. A liderança é bem próxima ao time e aberta a sugestões.;Não vejo muitos pontos negativos, talvez ter um maior alinhamento entre as áreas mas creio que é algo comum em uma empresa que ainda esta solidificando seus processos.;NA;https://www.glassdoor.com.br/Avalia%C3%A7%C3%B5es/Avalia%C3%A7%C3%A3o-funcion%C3%A1rio-GetNinjas-RVW27340210.htm
13/02/2019 00:00;GetNinjas é oportunidade de desenvolvimento.;5;Supervisor/Coordenador;Recomenda;NA;Trabalho na GetNinjas;ambiente, Liberdade de expressão, liberdade e incentivo para conhecermos noivas areas, bom relacionamento com as pessoas e apoio para crescimento profissional.;Ainda falta um pouco de encontro de informações entre os times e mais alinhamento com algumas ações, mas já percebo grande evolução da empresa e de todos e principalmente esforços para melhorarmos;Mais proximidade e compreensão dos processos das áreas;https://www.glassdoor.com.br/Avalia%C3%A7%C3%B5es/Avalia%C3%A7%C3%A3o-funcion%C3%A1rio-GetNinjas-RVW27316144.htm
27/02/2019 00:00;Que empresa!;5;Analista De Pesquisa Júnior;Recomenda;NA;Trabalho na GetNinjas;O GetNinjas é a famosa empresa dos sonhos. Você tem visibilidade para crescimento reconhecimento profissional. Dão oportunidades a quem se mostrar. É realmente uma empresa incrível;Acredito que não há pontos negativos a serem citados. A empresa está crescendo cada vez mais, e todos mantém firme os valores dela. Realmente demais!;Continuem assim!;https://www.glassdoor.com.br/Avalia%C3%A7%C3%B5es/Avalia%C3%A7%C3%A3o-funcion%C3%A1rio-GetNinjas-RVW27326122.htm
26/09/2018 00:00;Um ambiente agradável para quem tem sede de conhecimento e não curte um ambiente engessado como o de grandes corporações.;5;;Recomenda;NA;Trabalho na GetNinjas;É um lugar que me trouxe muito aprendizado profissional e oportunidades, o RH e os vários gestores que já tive sempre dão ouvidos a novas ideias (ideias valem mais do que cargos) e há reconhecimento do seu esforço. Uma empresa com um clima leve e familiar, ótimo para quem busca conhecimento e até para quem ainda está indeciso sobre qual carreira seguir!;Apesar de ser algo próprio do perfil de startups, pelas mudanças constantes no produto, a comunicação entre as áreas às vezes não é tão efetiva e isso pode gerar descontentamento para alguns funcionários.;NA;https://www.glassdoor.com.br/Avalia%C3%A7%C3%B5es/Avalia%C3%A7%C3%A3o-funcion%C3%A1rio-GetNinjas-RVW27070008.htm
02/05/2019 00:00;Empresa precisa de gestores mais capacitados;2;Gerente;Não recomenda;NA;Trabalhei na GetNinjas por mais de um ano;Empresa ok. Precisa melhorar a forma conduz a gestão de carreira, cargos e salários dos funcionários. Existe muita preferência por alguns e pouca gestão para melhorar a expectativa de carreira com a equipe.;Precisa melhorar a forma conduz a gestão de carreira, cargos e salários dos funcionários. Existe muita preferência por alguns e pouca gestão para melhorar a expectativa de carreira com a equipe.;Ser mais ética e profissional, principal nos cargos de alta liderança.;https://www.glassdoor.com.br/Avalia%C3%A7%C3%B5es/Avalia%C3%A7%C3%A3o-funcion%C3%A1rio-GetNinjas-RVW27368590.htm
26/09/2018 00:00;Um lugar para trabalhar e aprender!;5;;Recomenda;NA;Trabalho na GetNinjas; A empresa se preocupa com o bem estar do funcionário, tanto na infraestrutura do local quanto em questões de saúde mental, o que é muito difícil de se encontrar atualmente em outras empresas.  Pessoal em geral educado, com vontade de aprender e compartilhar conhecimento.  Poder participar de diversos projetos e ajudar eles a se desenvolverem, pois ideias são escutadas e quando boas são executadas.; Muitas vezes acabamos não emendando feriados, e seria interessante nesses casos haver a opção de fazer home office no dia do feriado e folgar no dia da emenda com o final de semana, por exemplo.;NA;https://www.glassdoor.com.br/Avalia%C3%A7%C3%B5es/Avalia%C3%A7%C3%A3o-funcion%C3%A1rio-GetNinjas-RVW27070011.htm
28/10/2018 00:00;Excelente empresa!;5;Estagiário De Business Intelligence (BI);Recomenda;NA;Trabalho na GetNinjas;Clima descontraído, sem hierarquia para trabalho. Suas ideias serão ouvidas e trarão debate que fomenta o pensamento e a melhoria do produto. Muito espaço para aprendizado e desenvolvimento de novas habilidades.;"Às vezes falta comunicação entre os times e no geral, há pouca documentação sobre o que é feito por cada um, tornando as informações necessárias para um novo projeto um pouco ""espalhadas"" nas várias fontes de uso.";NA;https://www.glassdoor.com.br/Avalia%C3%A7%C3%B5es/Avalia%C3%A7%C3%A3o-funcion%C3%A1rio-GetNinjas-RVW27089802.htm
18/09/2018 00:00;GetNinjas, uma paixão a parte.;5;Assistente De Vendas;Recomenda;NA;Trabalho na GetNinjas;Local de trabalho, oportunidades de crescimento e visualização de desempenho. Companheiros de trabalho são muito solícitos e realmente te auxiliam no que precisar. A forma de feedbacks também é incrível e muito transparente.;Acredito que a valorização de seus funcionários e aprimoramento de cada um é essencial. Sentirse inseguro com outros funcionários e falta de acompanhamento do RH sobre o andamento de cada área.;NA;https://www.glassdoor.com.br/Avalia%C3%A7%C3%B5es/Avalia%C3%A7%C3%A3o-funcion%C3%A1rio-GetNinjas-RVW27294893.htm
26/09/2018 00:00;um ótimo lugar para crescer profissionalmente;4;;Recomenda;NA;Trabalho na GetNinjas;A empresa tem uma ótima estrutura, as pessoas são bem abertas para conversas e amizades, e liberdade para novos projetos a convivência faz com que você tenha vontade de vir trabalhar e ótima localização;Alguns dos problemas é a má liderança de algumas equipes por justamente darem muita importancia para pessoas que não possuem skils para gerenciar pessoas outro problema é o salario que é abaixo do mercado.;Deem mais atenção e ouvidos para outras pessoas, reparem quem é um verdadeiro lider e não deixem a liderança com qualquerm um;https://www.glassdoor.com.br/Avalia%C3%A7%C3%B5es/Avalia%C3%A7%C3%A3o-funcion%C3%A1rio-GetNinjas-RVW27070041.htm
26/09/2018 00:00;Empresa família!;4;Analista;Recomenda;NA;Trabalho na GetNinjas;Empresa pertinho do metrô. Tem comidinhas e cafezinho todo dia. Você trabalha suas 40h semanais sem ficar preso a horário muito fixo e também pode ir vestido como quiser, sem preconceito! Plano de saúde é ótimo! E Gympass é amor!;O valor diário do Vale Refeição não atende a média dos restaurantes da região. Apesar de ter comida sempre na cozinha, o valor para o almoço é baixo.;NA;https://www.glassdoor.com.br/Avalia%C3%A7%C3%B5es/Avalia%C3%A7%C3%A3o-funcion%C3%A1rio-GetNinjas-RVW27295141.htm
11/05/2018 00:00;Bom, mas...;2;;Não recomenda;NA;Trabalho na GetNinjas;Pessoas legais, ambiente descontraído, liberdade na maneira de se vestir (permite chinelos, short, saia). Há frutas, sucos, refrigerante, chás, pão, biscoitos, doces, balas, chicletes à disposição do funcionário. Benefícios: VR e Vale Transporte ou estacionamento no local.;"Dificuldade extrema em compartilhar dados entre as áreas, a comunicação interna é péssima. Chamam de líderes, mas são chefes, muito ""mais do mesmo"", não parece uma startup e sim mais uma empresa multinacional super engessada, não há inspiração e exemplos vindo da liderança. Poucas ideias inovadoras para problemas simples. Pouquíssimos feedbacks, dados quantitativos e qualitativos são duvidosos, não há clareza na informação dada, afinal todos os dados coletados podem ser facilmente manipulados. Liderança imatura, não conseguem diferenciar aplicar um feedback negativo para o funcionário, sem passar a semana olhando feio para o mesmo. Falta de processos, regras, sistema de registro de informações, dados são armazenados em planilhas. Valor de vale refeição extremamente baixo para a região, já foi proposto por funcionários a troca de todas as guloseimas que temos, com um aumento do VR, porém não se tem retorno sobre isso. Não há reconhecimento, funcionários que não possuem bom desempenho em determinada função, são colocados para realização de outra sem um minimo de processo interno, meritocracia zero. Fica muito claro que as oportunidades são dadas devido ao grau de amizade ou aproximação entre líder e liderado. Falta de sistema para que o funcionário realize um trabalho de acordo com o que se é cobrado.";Criação de processos internos, tanto em comunicação, quanto em mudança interna de cargo. Aplicação de feedbacks constantes. Aplicação de cursos afim de desenvolverem os supostos líderes. Introdução de sistemas adequados para cada área/ função.;https://www.glassdoor.com.br/Avalia%C3%A7%C3%B5es/Avalia%C3%A7%C3%A3o-funcion%C3%A1rio-GetNinjas-RVW27292710.htm
25/05/2018 00:00;O foco são nos números e não nas pessoas;3;;Não recomenda;NA;Trabalho na GetNinjas;Boa localização, tanto em relação à restaurantes, quanto a transportes públicos, bastante opções para alimentação (café da manhã e lanche da tarde). O propósito da empresa é bastante importante na vida das pessoas, tanto dos clientes que buscam profissionais com referências para prestação de serviços, quanto para os profissionais e empresas.;"Quem não é de áreas diretamente ligadas ao lucro imediato da empresa não consegue ter destaque. Sendo assim, para quem é de áreas como TI, data science, BI e produto conseguem ter rápidas chances de promoção e crescimento, já as demais áreas são extremamente desvalorizadas, por ser uma empresa com muito mais foco em números do que nas pessoas e em seu desenvolvimento. Não possui plano de carreira, e nem pretende ter com a desculpa de ser uma startup. Isso só dificulta mais os processos, já que você vê várias pessoas sendo promovidas ""em segredo"", desestimulando quem foge dessas áreas específicas.";Sem pessoas a empresa é apenas uma estrutura de concreto, valorize as pessoas de forma hegemônica em todos os níveis e áreas. Há áreas que não trarão lucro a curto prazo, mas que agregam valor à empresa. Não adianta ficar só no discurso se quem está no dia a dia sabe que na prática não funciona. Se atentem, pois em uma startup deveria haver muito mais pessoas apaixonadas pela empresa, mas o que vemos são pessoas desmotivadas e a rotatividade cada dia mais alta.;https://www.glassdoor.com.br/Avalia%C3%A7%C3%B5es/Avalia%C3%A7%C3%A3o-funcion%C3%A1rio-GetNinjas-RVW27022127.htm
31/07/2018 00:00;A área de CS tinha tudo para ser uma grande área... Tinha porque na realidade as coisas não são tão boas quanto fazem parecer nas mídias sociais.;1;Assistente De Atendimento;Não recomenda;NA;Trabalhei na GetNinjas;Localização próximo ao metrô e pontos de ônibus, vale transporte ou vale combustível, próximo a mercados, lanchonetes, comércios e restaurantes;"Plano de saúde com cobertura de hospitais e clínicas péssimas, mais vantagem adquirir um plano pago por fora mas que realmente funcione! Os caras trabalham com tecnologia, manjam de números, são inteligentes mas não conseguem enxergar aonde estão os reais problemas!!!!!!!! Podem contratar 1000 pessoas experientes, com 50 anos de experiência e os caramba, que tenham faculdades internacionais, falem mandarim, japonês e blá blá blá mas nada vai pra frente, se a empresa não colabora!!!!!!!!!! Vários problemas com demandas e sistemas, estão sobrecarregando as poucas pessoas que sobraram por alegarem ""corte de gastos"". Equipe de suporte que não trabalha com comissão está fazendo vendas e retenções e é fortemente cobrada por isso! (Além de ser cobrada também pela entrega de resultados das demandas de suporte e SLA) Péssima gestão, organização e forma de se trabalhar! Muito triste ver uma área que tinha tudo pra dar certo indo pro buraco. Qualidade de vida não do funcionário não é visada, somente a grana que entra na empresa!";Seja mais humilde! Quando não morrer não levará o dinheiro pro caixão! Sua empresa sem funcionários não é nada! Valorizeos e pare de pensar que bots são melhores que pessoas!!!;https://www.glassdoor.com.br/Avalia%C3%A7%C3%B5es/Avalia%C3%A7%C3%A3o-funcion%C3%A1rio-GetNinjas-RVW27293502.htm
17/09/2017 00:00;Empresa ninja, feita por ninjas para ninjas;5;Desenvolvedor Front End;Recomenda;NA;Trabalho na GetNinjas;Desafiador e em assenção, o GetNinjas é a maior oportunidade que já tive até agora para exercer e obter mais conhecimentos, como se estivesse em casa com minha família. ❤️ O retorno financeiro é bastante satisfatório, desafios são diários e a qualidade de vida é prioridade para toda a empresa.;A avaliação do nível dos funcionários na área de tecnologia precisa evoluir  mas está aos poucos. Ainda é preciso reavaliar como é mensurado o conhecimento dos novos candidatos.;Arrisque mais em publicidade. O nosso produto precisa ser conhecido!;https://www.glassdoor.com.br/Avalia%C3%A7%C3%B5es/Avalia%C3%A7%C3%A3o-funcion%C3%A1rio-GetNinjas-RVW26899449.htm
21/02/2018 00:00;Uma das melhores empresas que eu trabalhei, se não A melhor.;5;Designer Júnior;Recomenda;NA;Trabalho na GetNinjas;Uma empresa que te recebe bem e te acolhe. Eu adoro o lugar porque é uma empresa onde um estagiário pode dar pitaco nos trabalhos de diretoria, porque ele vai ser ouvido. Uma empresa cheia de oportunidades e que ensina a todos muito bem.;Ao meu ponto de vista, não encaro nada lá como um ponto negativo. Eu gosto muito de trabalhar lá e sei que vou sempre continuar gostando! É isso.;NA;https://www.glassdoor.com.br/Avalia%C3%A7%C3%B5es/Avalia%C3%A7%C3%A3o-funcion%C3%A1rio-GetNinjas-RVW26972795.htm
05/09/2017 00:00;O melhor lugar no para se trabalhar;5;Desenvolvedor Mobile;Recomenda;NA;Trabalho na GetNinjas;Liberdade de expressão, empresa horizontal, facilidade de comunicação com os superiores, horário flexível, pensar primeiro no cliente, buscar a excelência em tudo que fazemos, equipe unida, festas na empresa, pessoas antenas com novas tecnologias, frutas, Nerf, trabalhar de bermuda e chinelo.;Poucas vagas de estacionamento, convênio poderia ser melhor, falta convênio odontológico, ticket com valor considerado baixo para a região em que se encontra a empresa.;NA;https://www.glassdoor.com.br/Avalia%C3%A7%C3%B5es/Avalia%C3%A7%C3%A3o-funcion%C3%A1rio-GetNinjas-RVW26894763.htm
17/01/2017 00:00;Vale a pena pra aprender e sair rápido.;2;Assistente De Atendimento;Não recomenda;NA;Trabalhei na GetNinjas por menos de um ano;Oportunidade de se desenvolver enquanto profissional. Muitas áreas diferentes para se iniciar, pessoas legais e muitos benefícios e comodidades.;A maioria da empresa está preocupada em brincar, nos churrascos, nas festas, nas regalias. Há pouquíssimos preocupados em trabalhar de verdade. Uma grande parte da empresa, principalmente a parte de CS, não é levada a sério. É como se toda a ideia da empresa fosse uma grande brincadeira, estão mais preocupados com a imagem da empresa e com as regalias do que com o produto. O mercado de startups não leva mais a GetNinjas a sério.;NA;https://www.glassdoor.com.br/Avalia%C3%A7%C3%B5es/Avalia%C3%A7%C3%A3o-funcion%C3%A1rio-GetNinjas-RVW27288210.htm
27/04/2018 00:00;Ótima empresa para crescimento;5;Estagiário;Recomenda;NA;Trabalho na GetNinjas;Diversidade e dinamica entre os setores, aproximidade com o CEO da empresa, os diretores dos setores estão sempre dispostos a ouvir, feedbacks;Alguns setores são mais privilegiados que outros. A comunicação interna entre os setores não flui bem, sistemas de desenvolvimento da empresa é ultrapassado;NA;https://www.glassdoor.com.br/Avalia%C3%A7%C3%B5es/Avalia%C3%A7%C3%A3o-funcion%C3%A1rio-GetNinjas-RVW27010058.htm
13/05/2018 00:00;Startup autêntica e competente;3;;Recomenda;NA;Trabalhei na GetNinjas;É um excelente local para se trabalhar. Os integrantes são comprometidos com as entregas, ouvem sugestões, não há sobrecarga de trabalho e as ações são pensadas de forma inteligente.;Time com muitos ativistas, inclusive no RH. Em sua maioria, feministas. É necessário tomar cuidado com cada vírgula que se fala, pois o extremismo e a intolerância são enormes. O menor ruído rendeu até demissão. Num ambiente com tanta diversidade, infelizmente, nem sempre o diálogo e a empatia imperam. Triste ver pessoas terem sonhos destruídos por colegas maldosos.;NA;https://www.glassdoor.com.br/Avalia%C3%A7%C3%B5es/Avalia%C3%A7%C3%A3o-funcion%C3%A1rio-GetNinjas-RVW27292742.htm
04/11/2016 00:00;Empresa incrível;5;Gerente De Contas;Recomenda;NA;Trabalho na GetNinjas;Clima organizacional Ambiente de trabalho Salário Pessoas inteligentes trabalhando com você Oportunidade de crescimento Equipamentos modernos;Muita pressão por resultados Gestores as vezes menos competentes que seus funcionários Trabalho aos finais de semana e feriados Trabalhar até tarde;NA;https://www.glassdoor.com.br/Avalia%C3%A7%C3%B5es/Avalia%C3%A7%C3%A3o-funcion%C3%A1rio-GetNinjas-RVW26796037.htm
06/01/2018 00:00;Interesse e vontade para cada dia estar melhor.;5;Atendente Comercial;Recomenda;NA;Trabalhei na GetNinjas;Várias opções de atendimento. Áreas de manutenção e assistência técnica. Conservação e criatividade diária. ........ ........ ......................;Não tenho ainda;Bom humor, responsabilidade e respeito;https://www.glassdoor.com.br/Avalia%C3%A7%C3%B5es/Avalia%C3%A7%C3%A3o-funcion%C3%A1rio-GetNinjas-RVW26947372.htm
23/06/2016 00:00;Um lugar onde seu trabalho pode gerar um impacto positivo para o Brasil;4;;Recomenda;NA;Trabalhei na GetNinjas por mais de um ano;Ambiente descontraído e que dá liberdade para que cada pessoa contribua com o seu melhor. Fazer parte do GetNinjas é ajudar a mudar a forma de contratar e oferecer serviços no Brasil, com impacto direto na vida de milhões de pessoas, e isso é muito gratificante.;Ambiente de trabalho openspace, com um nível de barulho bem alto. Alta rotatividade de funcionários, muitos deles em posições de liderança, que saem ou são desligados sem muita explicação.;NA;https://www.glassdoor.com.br/Avalia%C3%A7%C3%B5es/Avalia%C3%A7%C3%A3o-funcion%C3%A1rio-GetNinjas-RVW26769227.htm
16/05/2018 00:00;Ótima empresa, leve e divevrtida.;4;Analista;Recomenda;NA;Trabalhei na GetNinjas por menos de um ano;A autonomia é algo muito bacana e colabora para a criatividade dentro do Getninjas. Ambiente muito saudável e amigável, divertido. As pessoas são descontraídas e interessadas em ajudar.;O CEO da empresa não valoriza outras áreas que não seja P&D, acredito que todas as areas contribuem para o crescimento da empresa e não apenas a área de desenvolvimento. Os salários não são competitivos.;Valorizar os funcionários de todas as areas não só tecnologia.;https://www.glassdoor.com.br/Avalia%C3%A7%C3%B5es/Avalia%C3%A7%C3%A3o-funcion%C3%A1rio-GetNinjas-RVW27019797.htm
01/05/2018 00:00;Clima agradável;3;Analista;Recomenda;NA;Trabalho na GetNinjas;Ambiente informal e despojado, horários flexíveis, pessoas inteligentes e talentosas com vontade de fazer o negócio alavancar. O negócio já é uma realidade e o seu futuro é promissor.;Liderança imatura e processos internos bastante embrionários. Confundese a informalidade da startup com falta de necessidade de registraremse políticas, processos, elementos da cultura, entre outras informações que acabam por gerar insegurança nos funcionários. O medo de burocratizar alguns fluxos os torna menos sólidos quanto a coerência de suas etapas.;NA;https://www.glassdoor.com.br/Avalia%C3%A7%C3%B5es/Avalia%C3%A7%C3%A3o-funcion%C3%A1rio-GetNinjas-RVW27011260.htm
22/06/2016 00:00;Ótima empresa pra quem quer aprender e ter desafios;4;Assistente De Atendimento;Recomenda;NA;Trabalho na GetNinjas;Ambiente legal, líderes inovadores, ótimos colegas de trabalho. Vários benefícios e oportunidades de aprender coisas diferentes no escritório.;Não aparenta ter um bom plano de carreira. Algumas promessas do RH e dos líderes são vazias e o esforço nem sempre é reconhecido. Cuidado com as panelinhas.;Tente integrar mais os funcionários de áreas diferentes.;https://www.glassdoor.com.br/Avalia%C3%A7%C3%B5es/Avalia%C3%A7%C3%A3o-funcion%C3%A1rio-GetNinjas-RVW27287575.htm
20/05/2018 00:00;Empresa muito boa para começar sua carreira, se tiver potencial pode crescer bastante;4;;Recomenda;NA;Trabalho na GetNinjas;Ambiente agradável, pessoas abertas a te ensinar se você quiser aprender, próximo do metro, ambiente meritocrático, liderança horizontal, empresa jovem e com oportunidade de crescer;Empresa é muito focada nas áreas de produto e ti, as demais áreas não tem a mesma atenção, o que faz com que pessoas de outras áreas acabem desanimando;NA;https://www.glassdoor.com.br/Avalia%C3%A7%C3%B5es/Avalia%C3%A7%C3%A3o-funcion%C3%A1rio-GetNinjas-RVW27021229.htm
04/04/2018 00:00;Recomendo;4;Estagiário;Recomenda;NA;Trabalho na GetNinjas;A empresa é muito dinâmica, te permite ter contato com inúmeras pessoas de diferentes níveis hierárquicos e possui ambiente descontraído. Além disso possui uma cozinha farta durante o dia todo e área para churrasco;O valerefeição não condiz com os restaurantes da região, entretanto pode ser compensado no salário recebido. Projeção de carreira pode não ser claramente definido.;NA;https://www.glassdoor.com.br/Avalia%C3%A7%C3%B5es/Avalia%C3%A7%C3%A3o-funcion%C3%A1rio-GetNinjas-RVW26996423.htm
01/04/2018 00:00;Razoavel;3;Gerente;Recomenda;NA;Trabalho na GetNinjas;Ambiente legal, informal com acesso a toda pirâmide da empresa. Para começar sua carreira super recomendável pois nela você apesar de Junior pode apresentar suas propostas e ideias e conseguir implementar.;Não tem plano de carreira definido. Possibilidade de crescimento restrito ao poucas pessoas, equipe de gestão muito Junior e com pouca experiência de mercado;NA;https://www.glassdoor.com.br/Avalia%C3%A7%C3%B5es/Avalia%C3%A7%C3%A3o-funcion%C3%A1rio-GetNinjas-RVW26994999.htm
25/11/2016 00:00;Bom ambiente assim como oportunidade de crescimento;4;Assistente De Atendimento;Recomenda;NA;Trabalhei na GetNinjas por menos de um ano;Bom ambiente de trabalho, assim como uma boa cultura interna, bom acesso a conhecimentos novos e constante mudança, crescimento acelerado....;Muitas panelinhas e as vezes seu esforço não é reconhecido facilmente, muita pressão para atingir metas e pensamento excessivo em querer crescer desordenada mente.;NA;https://www.glassdoor.com.br/Avalia%C3%A7%C3%B5es/Avalia%C3%A7%C3%A3o-funcion%C3%A1rio-GetNinjas-RVW26799758.htm
01/12/2015 00:00;Ambiente descontraído, com flexibilidade;3;Designer;Recomenda;NA;Trabalho na GetNinjas;Ambiente descontraído, que proporciona liberdade para os funcionários trabalharem. Com horários flexíveis.;O trabalho por muitas vezes não é reconhecido, dificilmente ocorre evolução de cargo. Metas da empresa as vezes são confusas.;NA;https://www.glassdoor.com.br/Avalia%C3%A7%C3%B5es/Avalia%C3%A7%C3%A3o-funcion%C3%A1rio-GetNinjas-RVW27145970.htm
09/04/2021 00:00;Ótimo para aprender. Ótimo para crescer.;4;Ex-funcionário - Senior Software Engineer;Recomenda;Perspectiva positiva;Trabalhou na GetNinjas em período integral por mais de 3 anos;Como uma startup crescendo muito rápido, mesmo em tempos difíceis, quase sempre há oportunidade de passar para um desafio mais alinhado com o que você deseja em sua carreira.;O estilo de gestão muda muito rápido e não tem uma estrutura previsível. Dependendo do time que você tem, pode ir de muito frouxo a muito apertado. As necessidades de negócios de última hora geralmente levam a decisões tecnológicas lamentáveis.;Planeje a próxima iteração de tecnologia para mantêlo em movimento rápido sem aumentar o débito técnico. Quando se torna impagável, todos sofrem, principalmente os negócios.;https://www.glassdoor.com.br/Avalia%C3%A7%C3%B5es/Avalia%C3%A7%C3%A3o-funcion%C3%A1rio-GetNinjas-RVW45281718.htm
16/10/2020 00:00;Ótimo lugar divertido e cheio de energia;5;Ex-funcionário - Funcionário confidencial;Recomenda;Perspectiva positiva;Trabalhou na GetNinjas em período integral por mais de 3 anos;Trabalhei 3 anos na GetNinjas e foi a experiência profissional mais importante da minha carreira. Muita gente jovem e enérgica, muito espaço para trabalhar em projetos importantes e aprender. Também é uma empresa de tarifas que está fazendo algo ótimo pelas pessoas, apoiando esses profissionais independentes.;Por ser uma empresa jovem, ela carece de uma estrutura importante. Ter planos de desenvolvimento, feedback, rotatividade e oportunidades de carreira mais claros seria ótimo.;NA;https://www.glassdoor.com.br/Avalia%C3%A7%C3%B5es/Avalia%C3%A7%C3%A3o-funcion%C3%A1rio-GetNinjas-RVW37233079.htm
09/05/2019 00:00;Ótimo ambiente de aprendizagem;4;Funcionário atual - Software Engineer;Recomenda;Perspectiva positiva;Trabalha na GetNinjas em período integral há mais de um ano;Colegas incríveis com diferentes tipos de experiência. Infraestrutura de desenvolvimento adequada com AWS ECS, Docker e DroneCI. Grande cultura de escritório sem código de vestimenta, cozinha aberta e horários flexíveis;Alguma base de código antiga e não tão bem organizada para alguns aplicativos. Faltando grandes gerentes / proprietários de produtos adequados. Alguns problemas de cima para baixo relacionados à liderança da empresa.;NA;https://www.glassdoor.com.br/Avalia%C3%A7%C3%B5es/Avalia%C3%A7%C3%A3o-funcion%C3%A1rio-GetNinjas-RVW26053658.htm
05/07/2017 00:00;Grande aprendizado!;5;Funcionário atual - Software Developer;Recomenda;Perspectiva positiva;Trabalho na GetNinjas em período integral há menos de um ano;Lugar para aprender como realmente é codificação! Nunca imaginei que startups como essa realmente existam.;Ninguém ainda. Tenho um mês de experiência aqui e acabei de aprender e entrar por dentro.;NA;https://www.glassdoor.com.br/Avalia%C3%A7%C3%B5es/Avalia%C3%A7%C3%A3o-funcion%C3%A1rio-GetNinjas-RVW15756552.htm
10/10/2017 00:00;Diversão e muito trabalho;4;Ex-funcionário - Software Engineer;Recomenda;NA;Trabalhou na GetNinjas em período integral por mais de um ano;Muitas oportunidades de aprender coisas novas, churrasco, pessoas motivadas e atenciosas.;Escritório bagunçado e barulhento, as prioridades mudam rápido demais;NA;https://www.glassdoor.com.br/Avalia%C3%A7%C3%B5es/Avalia%C3%A7%C3%A3o-funcion%C3%A1rio-GetNinjas-RVW17282610.htm
